,City,Country,Lat,Lng,Max Temp,Humidity,Cloudiness,Wind Speed,Current Description
0,Esperance,AU,-33.8667,121.9,47.93,77,1,9.13,clear sky
1,Barrow,US,71.2906,-156.7887,33.82,80,75,19.57,broken clouds
2,Jamestown,US,42.097,-79.2353,52.02,66,100,14.97,overcast clouds
3,Mataura,NZ,-46.1927,168.8643,33.01,98,11,2.46,few clouds
4,Ostrovnoy,RU,68.0531,39.5131,41.22,87,22,11.95,few clouds
5,Yeppoon,AU,-23.1333,150.7333,64.18,80,9,8.84,clear sky
6,Albany,US,42.6001,-73.9662,71.17,68,26,12.24,scattered clouds
7,Rio Gallegos,AR,-51.6226,-69.2181,48.25,43,40,24.16,scattered clouds
8,Avarua,CK,-21.2078,-159.775,73.45,88,75,4.61,broken clouds
9,Nawalapitiya,LK,7.0559,80.5348,68.92,90,98,1.74,overcast clouds
10,Chuy,UY,-33.6971,-53.4616,67.21,43,2,13.96,clear sky
11,Chokurdakh,RU,70.6333,147.9167,21.36,92,100,23.22,light snow
12,Atuona,PF,-9.8,-139.0333,76.37,80,26,20.49,light rain
13,Bud,US,39.447,-86.1758,59.49,51,62,14.2,broken clouds
14,Necochea,AR,-38.5473,-58.7368,66.78,47,8,14.92,clear sky
15,Kapaa,US,22.0752,-159.319,72.1,83,0,6.91,clear sky
16,Bluff,NZ,-46.6,168.3333,41.34,86,17,5.84,few clouds
17,Poli,TZ,-3.3333,36.8,70.07,64,76,10.33,broken clouds
18,Thompson,CA,55.7435,-97.8558,48.36,57,100,11.5,overcast clouds
19,Brae,GB,60.3964,-1.353,49.42,74,60,18.7,light rain
20,Yar-Sale,RU,66.8333,70.8333,37.67,98,100,3.67,overcast clouds
21,Mae Sai,TH,20.4335,99.8762,70.5,96,13,1.77,few clouds
22,Villa Constitucion,AR,-33.2278,-60.3297,89.98,16,0,7.87,clear sky
23,Kodiak,US,57.79,-152.4072,49.51,87,100,0.0,overcast clouds
24,Tupik,RU,54.4253,119.9327,25.92,95,91,3.09,overcast clouds
25,Itoman,JP,26.1247,127.6694,77.4,83,85,12.66,overcast clouds
26,Mana,GF,5.6592,-53.7767,85.82,64,24,13.98,few clouds
27,Terme,TR,41.2092,36.9739,62.53,77,95,3.62,overcast clouds
28,East London,ZA,-33.0153,27.9116,65.34,77,20,5.75,few clouds
29,Tiarei,PF,-17.5333,-149.3333,78.82,79,11,21.3,light rain
30,Hermanus,ZA,-34.4187,19.2345,59.81,70,39,11.99,scattered clouds
31,Ushuaia,AR,-54.8,-68.3,44.22,75,40,20.71,scattered clouds
32,Lebu,CL,-37.6167,-73.65,51.91,96,100,13.02,overcast clouds
33,Vaini,TO,-21.2,-175.2,73.56,94,75,9.22,broken clouds
34,Komsomolskiy,UZ,40.4272,71.7189,57.92,51,62,6.91,broken clouds
35,Vao,NC,-22.6667,167.4833,72.01,80,62,22.21,broken clouds
36,Rikitea,PF,-23.1203,-134.9692,70.56,71,21,23.26,few clouds
37,Vila Franca Do Campo,PT,37.7167,-25.4333,72.01,79,93,3.18,overcast clouds
38,Yellowknife,CA,62.456,-114.3525,48.72,87,75,8.05,broken clouds
39,Mar Del Plata,AR,-38.0023,-57.5575,71.62,35,0,16.11,clear sky
40,Yichun,CN,47.7,128.9,27.54,70,59,1.79,broken clouds
41,Georgetown,MY,5.4112,100.3354,78.24,88,40,5.75,scattered clouds
42,Atambua,ID,-9.1061,124.8925,75.06,85,10,3.98,clear sky
43,Katobu,ID,-4.9408,122.5276,75.02,93,74,3.29,heavy intensity rain
44,Werkendam,NL,51.8,4.8833,61.09,72,98,3.0,overcast clouds
45,Rawson,AR,-43.3002,-65.1023,51.78,73,99,22.15,overcast clouds
46,Deputatskiy,RU,69.3,139.9,15.28,86,100,31.18,overcast clouds
47,Svetlaya,RU,46.5389,138.3297,38.46,56,0,6.55,clear sky
48,Vostok,RU,46.4856,135.8833,27.63,76,13,4.05,few clouds
49,Khandyga,RU,62.6667,135.6,14.9,90,55,3.27,broken clouds
50,Hofn,IS,64.2539,-15.2082,46.42,53,0,18.41,clear sky
51,Cozumel,MX,20.5083,-86.9458,91.47,67,40,12.66,scattered clouds
52,Nacala,MZ,-14.5428,40.6728,73.45,83,4,5.37,clear sky
53,Hobart,AU,-42.8794,147.3294,49.86,70,49,17.27,scattered clouds
54,Ahipara,NZ,-35.1667,173.1667,49.1,76,86,6.35,overcast clouds
55,Batangafo,CF,7.3008,18.2833,69.06,97,96,1.95,overcast clouds
56,Castro,BR,-24.7911,-50.0119,65.1,58,72,11.45,broken clouds
57,Puerto Ayora,EC,-0.7393,-90.3518,75.16,88,78,8.01,broken clouds
58,Barsovo,RU,61.1667,73.1667,46.53,90,100,8.41,overcast clouds
59,Springbok,ZA,-29.6643,17.8865,67.84,19,0,5.26,clear sky
60,Meadow Lake,US,34.8014,-106.5436,61.7,88,91,3.58,overcast clouds
61,San Policarpo,PH,12.1791,125.5072,81.0,82,100,6.76,moderate rain
62,Lashio,MM,22.9333,97.75,65.64,99,7,0.16,clear sky
63,The Valley,AI,18.217,-63.0578,87.66,84,40,11.5,scattered clouds
64,Merauke,ID,-8.4667,140.3333,77.25,92,92,6.24,overcast clouds
65,Khatanga,RU,71.9667,102.5,26.65,95,100,16.42,light snow
66,Qaanaaq,GL,77.484,-69.3632,10.99,69,19,8.16,few clouds
67,Whitewater,US,42.8336,-88.7323,52.14,63,22,11.88,few clouds
68,Cangzhou,CN,38.3167,116.8667,53.47,78,0,11.52,clear sky
69,Gao,ML,16.6362,1.637,97.7,17,11,7.16,few clouds
70,Kuytun,RU,54.3419,101.5036,25.45,90,21,2.93,few clouds
71,Fortuna,US,40.5982,-124.1573,52.14,55,39,5.55,scattered clouds
72,Saskylakh,RU,71.9167,114.0833,24.75,93,100,15.77,light snow
73,Butaritari,KI,3.0707,172.7902,80.42,80,48,11.68,light rain
74,Punta Arenas,CL,-53.15,-70.9167,48.31,53,40,28.77,scattered clouds
75,Kikwit,CD,-5.041,18.8162,77.32,70,96,2.53,overcast clouds
76,Norman Wells,CA,65.282,-126.8329,37.44,100,40,3.44,scattered clouds
77,Butterworth,MY,5.3991,100.3638,78.35,89,40,5.75,scattered clouds
78,Vestmannaeyjar,IS,63.4427,-20.2734,47.39,71,40,12.66,scattered clouds
79,Upernavik,GL,72.7868,-56.1549,17.82,81,60,4.56,broken clouds
80,Yulara,AU,-25.2406,130.9889,61.38,36,97,21.79,overcast clouds
81,Tsiroanomandidy,MG,-18.7667,46.0333,74.34,35,0,2.57,clear sky
82,Ponta Do Sol,PT,32.6667,-17.1,74.03,77,26,4.68,scattered clouds
83,Beringovskiy,RU,63.05,179.3167,34.43,43,30,7.49,scattered clouds
84,Tura,IN,25.5198,90.2201,72.68,94,21,1.63,few clouds
85,Banjar,ID,-8.19,114.9675,76.75,91,98,5.7,heavy intensity rain
86,Husavik,IS,66.0449,-17.3389,36.27,84,97,8.68,overcast clouds
87,Port Hedland,AU,-20.3167,118.5667,69.85,94,7,8.05,clear sky
88,Tautira,PF,-17.7333,-149.15,76.59,79,21,19.24,light rain
89,Christchurch,NZ,-43.5333,172.6333,45.91,85,4,8.05,clear sky
90,Bar Harbor,US,44.3876,-68.2039,71.53,80,0,12.66,clear sky
91,Tuktoyaktuk,CA,69.4541,-133.0374,44.6,76,75,12.66,broken clouds
92,Agirish,RU,61.9247,63.0231,40.51,96,89,6.91,overcast clouds
93,Denpasar,ID,-8.65,115.2167,80.26,94,75,11.5,light rain
94,Varna,BG,43.2167,27.9167,60.87,77,0,2.3,light rain
95,Souillac,MU,-20.5167,57.5167,71.98,78,40,9.22,light rain
96,Torbay,CA,47.6666,-52.7314,58.87,96,100,12.66,mist
97,Verkh-Chebula,RU,56.0308,87.6218,36.23,80,98,5.75,overcast clouds
98,Saint-Philippe,RE,-21.3585,55.7679,69.39,77,29,12.82,scattered clouds
99,Ribeira Grande,PT,38.5167,-28.7,77.4,73,20,5.75,few clouds
100,Arraial Do Cabo,BR,-22.9661,-42.0278,84.06,61,75,13.8,broken clouds
101,Cape Town,ZA,-33.9258,18.4232,61.27,67,0,15.01,clear sky
102,Klaksvik,FO,62.2266,-6.589,45.52,78,96,29.39,light rain
103,Busselton,AU,-33.65,115.3333,47.39,79,94,3.24,overcast clouds
104,Salalah,OM,17.0151,54.0924,78.89,89,0,2.3,clear sky
105,Solnechnyy,RU,50.7214,136.6319,31.19,68,9,2.33,clear sky
106,Kandrian,PG,-6.2167,149.55,75.16,88,78,4.74,broken clouds
107,Bredasdorp,ZA,-34.5322,20.0403,56.1,75,28,10.33,scattered clouds
108,Creel,MX,27.75,-107.6333,61.36,50,4,8.32,clear sky
109,Makakilo City,US,21.3469,-158.0858,77.61,77,0,5.75,clear sky
110,Acolla,PE,-11.7319,-75.5463,62.06,40,53,10.67,broken clouds
111,Wanning,CN,18.8003,110.3967,78.13,90,95,5.66,overcast clouds
112,Manjacaze,MZ,-24.7117,33.8828,71.91,86,33,13.73,scattered clouds
113,Kavaratti,IN,10.5669,72.642,81.64,75,11,17.27,few clouds
114,Cabo San Lucas,MX,22.8909,-109.9124,91.62,54,13,1.97,few clouds
115,Diego De Almagro,CL,-26.3667,-70.05,85.21,6,2,14.52,clear sky
116,Bushehr,IR,28.9684,50.8385,84.29,61,0,4.61,clear sky
117,Zhangjiakou,CN,40.81,114.8794,47.77,49,51,5.55,broken clouds
118,Yeniseysk,RU,58.4497,92.1703,33.15,91,100,5.03,overcast clouds
119,Port-Gentil,GA,-0.7193,8.7815,76.96,88,75,4.61,broken clouds
120,Hithadhoo,MV,-0.6,73.0833,81.12,77,97,15.61,overcast clouds
121,Perbaungan,ID,3.5679,98.956,77.11,94,99,4.5,moderate rain
122,Chiang Khong,TH,20.2613,100.4046,70.75,99,24,1.07,few clouds
123,Korla,CN,41.7597,86.1469,57.99,34,28,3.51,scattered clouds
124,Constitucion,CL,-35.3333,-72.4167,56.98,89,81,10.4,broken clouds
125,Esil,KZ,51.9556,66.4042,56.03,17,100,8.41,overcast clouds
126,Ilulissat,GL,69.2167,-51.1,28.42,93,75,0.0,broken clouds
127,Inhambane,MZ,-23.865,35.3833,74.75,88,1,12.37,clear sky
128,Bethel,US,41.3712,-73.414,77.18,54,0,8.05,clear sky
129,Namibe,AO,-15.1961,12.1522,66.31,82,41,5.59,scattered clouds
130,Sao Jose Da Coroa Grande,BR,-8.8978,-35.1478,81.36,70,12,10.47,few clouds
131,Korem,ET,12.5058,39.5228,55.22,82,24,3.87,light rain
132,Isangel,VU,-19.55,169.2667,74.97,86,15,10.87,few clouds
133,Marawi,PH,7.9986,124.2928,69.69,93,100,2.84,overcast clouds
134,Senanga,ZM,-16.1167,23.2667,82.26,11,5,9.98,clear sky
135,Campbell River,CA,50.0163,-125.2446,64.78,68,40,3.44,scattered clouds
136,Pevek,RU,69.7008,170.3133,26.29,75,100,22.64,overcast clouds
137,Tabanan,ID,-8.5413,115.1252,79.2,94,99,3.04,light rain
138,Pishin,PK,30.5803,66.9961,63.64,10,0,1.52,clear sky
139,Hilo,US,19.7297,-155.09,83.28,80,0,5.75,clear sky
140,Diamantino,BR,-14.4086,-56.4461,70.3,90,100,4.47,overcast clouds
141,Galeana,MX,24.8333,-100.0667,57.34,73,100,2.13,overcast clouds
142,Kysyl-Syr,RU,63.8986,122.7617,18.64,92,62,5.08,broken clouds
143,Banda Aceh,ID,5.5577,95.3222,77.97,78,100,5.37,moderate rain
144,Esik,KZ,43.3552,77.4525,47.62,48,62,6.04,broken clouds
145,Faanui,PF,-16.4833,-151.75,78.46,75,1,21.27,clear sky
146,Cimislia,MD,46.52,28.7842,60.94,65,88,5.86,overcast clouds
147,Sciacca,IT,37.5082,13.0881,70.0,76,57,4.27,broken clouds
148,Fort Nelson,CA,58.8053,-122.7002,44.19,76,75,6.91,broken clouds
149,Puerto Madryn,AR,-42.7692,-65.0385,66.11,37,89,14.52,overcast clouds
150,Kalmunai,LK,7.4167,81.8167,79.81,77,100,6.31,overcast clouds
151,Longyearbyen,SJ,78.2186,15.6401,39.04,75,100,16.11,light intensity drizzle
152,Maumere,ID,-8.6199,122.2111,80.56,82,39,5.19,light rain
153,Caravelas,BR,-17.7125,-39.2481,81.81,67,42,14.38,scattered clouds
154,Abu Samrah,SY,35.3029,37.1841,72.66,63,8,10.04,clear sky
155,Sungairaya,ID,0.7,108.9,76.96,88,100,1.77,moderate rain
156,Muros,ES,42.7762,-9.0603,67.08,84,73,15.3,broken clouds
157,Amahai,ID,-3.3333,128.9167,77.88,84,100,1.86,overcast clouds
158,Gat,IL,31.61,34.7642,75.88,100,43,5.06,scattered clouds
159,Jaguey Grande,CU,22.5269,-81.1286,86.02,64,27,12.5,light rain
160,Tasiilaq,GL,65.6145,-37.6368,35.76,95,100,11.3,light rain
161,Abaete,BR,-19.16,-45.4458,70.88,78,100,3.74,overcast clouds
162,Orange Cove,US,36.6244,-119.3137,91.6,30,0,6.91,clear sky
163,New Norfolk,AU,-42.7826,147.0587,49.5,68,53,3.0,broken clouds
164,San Patricio,US,28.017,-97.5169,82.27,54,100,6.96,overcast clouds
165,Lagoa,PT,39.05,-27.9833,71.19,84,63,5.19,broken clouds
166,Mombaca,BR,-5.7431,-39.6275,97.83,22,31,7.52,scattered clouds
167,Yenagoa,NG,4.9247,6.2642,72.61,96,100,4.27,light rain
168,Beira,MZ,-19.8436,34.8389,77.09,88,40,11.99,scattered clouds
169,Corner Brook,CA,48.9667,-57.9484,53.76,93,100,4.68,overcast clouds
170,Chacabuco,AR,-34.6417,-60.4739,85.82,15,1,10.92,clear sky
171,Coihaique,CL,-45.5752,-72.0662,52.41,40,40,13.8,scattered clouds
172,Provideniya,RU,64.3833,-173.3,36.59,64,27,7.94,scattered clouds
173,Tuatapere,NZ,-46.1333,167.6833,36.43,91,18,5.77,few clouds
174,Orikhove,UA,45.1294,33.6318,59.58,59,6,10.98,clear sky
175,Hirara,JP,24.8,125.2833,79.66,79,92,22.73,overcast clouds
176,Lufilufi,WS,-13.8745,-171.5986,69.58,76,98,21.63,overcast clouds
177,Yinchuan,CN,38.4681,106.2731,57.74,19,64,7.72,broken clouds
178,Codrington,AU,-38.2667,141.9667,43.72,78,73,7.99,broken clouds
179,Pundaguitan,PH,6.3711,126.1689,83.08,74,79,3.96,broken clouds
180,Maua,BR,-23.6678,-46.4614,77.36,51,85,17.65,overcast clouds
181,Tecoanapa,MX,16.5167,-98.75,84.87,68,4,7.49,clear sky
182,Coquimbo,CL,-29.9533,-71.3436,62.33,72,0,16.11,clear sky
183,Iqaluit,CA,63.7506,-68.5145,28.13,63,75,2.3,broken clouds
184,Ust-Kuyga,RU,70.0167,135.6,21.74,89,100,15.88,overcast clouds
185,Port Alfred,ZA,-33.5906,26.891,63.18,83,9,13.51,clear sky
186,Maniitsoq,GL,65.4167,-52.9,30.79,84,100,3.44,overcast clouds
187,Dikson,RU,73.5069,80.5464,33.4,99,100,15.66,light snow
188,Goderich,CA,43.7501,-81.7165,46.9,81,100,12.66,light rain
189,Riyadh,SA,24.6877,46.7219,86.14,11,0,8.63,clear sky
190,Placido De Castro,BR,-10.3353,-67.1856,95.43,34,91,3.24,overcast clouds
191,Hovd,MN,48.0056,91.6419,30.6,56,47,0.92,scattered clouds
192,Kaitangata,NZ,-46.2817,169.8464,35.51,92,18,4.16,few clouds
193,Cockburn Town,TC,21.4612,-71.1419,83.21,73,16,17.29,few clouds
194,Vysokogornyy,RU,50.1167,139.15,23.29,92,60,1.72,broken clouds
195,Flin Flon,CA,54.7682,-101.865,48.04,53,75,11.5,broken clouds
196,Quesnel,CA,52.9999,-122.5029,43.3,100,100,0.0,fog
197,Sakaiminato,JP,35.55,133.2333,64.38,68,75,5.75,broken clouds
198,Omsukchan,RU,62.5333,155.8,2.34,98,98,4.23,overcast clouds
199,Killybegs,IE,54.6333,-8.45,53.31,74,49,21.68,scattered clouds
200,Mamou,GN,10.5,-12.0,73.0,88,27,4.21,light rain
201,Lavrentiya,RU,65.5833,-171.0,34.07,64,36,16.02,scattered clouds
202,Labuhan,ID,-6.8844,112.2051,79.0,84,99,9.13,overcast clouds
203,Blama,SL,7.8736,-11.3433,76.08,95,95,4.03,moderate rain
204,Sinnamary,GF,5.3833,-52.95,85.66,64,31,14.67,scattered clouds
205,Hami,CN,42.8,93.45,54.95,25,1,11.92,clear sky
206,Margate,GB,51.3813,1.3862,60.91,74,37,5.99,scattered clouds
207,Shimoda,JP,34.6667,138.95,65.03,84,100,8.7,overcast clouds
208,Mahanoro,MG,-19.9,48.8,67.24,82,1,2.21,clear sky
209,Jian,CN,27.1172,114.9793,58.95,76,100,7.29,overcast clouds
210,Okmulgee,US,35.6234,-95.9605,73.51,46,0,13.8,clear sky
211,Trairi,BR,-3.2778,-39.2689,86.95,53,42,14.61,scattered clouds
212,Kuminskiy,RU,58.6667,66.5667,41.94,86,78,5.5,broken clouds
213,Porto De Moz,BR,-1.7483,-52.2383,96.78,31,90,5.59,overcast clouds
214,Sarkand,KZ,45.41,79.9186,54.32,32,2,5.03,clear sky
215,Mitsamiouli,KM,-11.3847,43.2844,76.46,77,27,5.79,scattered clouds
216,Port Elizabeth,ZA,-33.918,25.5701,61.11,82,0,3.44,clear sky
217,Goure,NE,13.9835,10.2704,93.69,17,81,9.44,broken clouds
218,Morondava,MG,-20.2833,44.2833,76.48,86,2,11.01,clear sky
219,Severo-Kurilsk,RU,50.6789,156.125,42.35,67,29,7.2,scattered clouds
220,Kudahuvadhoo,MV,2.6708,72.8944,82.13,71,57,17.05,broken clouds
221,Cidreira,BR,-30.1811,-50.2056,69.48,54,49,17.69,scattered clouds
222,Victoria,HK,22.2855,114.1577,79.25,84,27,8.99,scattered clouds
223,Los Llanos De Aridane,ES,28.6585,-17.9182,72.12,79,20,19.57,few clouds
224,Leningradskiy,RU,69.3833,178.4167,25.3,72,65,24.09,broken clouds
225,Shelburne,CA,44.0787,-80.2041,43.25,85,100,14.47,overcast clouds
226,Buala,SB,-8.145,159.5921,79.95,77,64,8.7,light rain
227,College,US,64.8569,-147.8028,47.28,77,100,3.44,overcast clouds
228,Arlit,NE,18.7369,7.3853,96.55,12,33,7.65,scattered clouds
229,Nemuro,JP,43.3236,145.575,53.69,73,100,25.21,light rain
230,Bilma,NE,18.6853,12.9164,90.75,17,28,5.21,scattered clouds
231,Touros,BR,-5.1989,-35.4608,83.37,67,16,16.64,few clouds
232,Nikolskoye,RU,59.7035,30.7861,55.29,79,87,11.39,overcast clouds
233,Attur,IN,11.6,78.6167,76.32,85,95,2.98,overcast clouds
234,Salinas,US,36.6777,-121.6555,59.52,82,40,0.0,scattered clouds
235,Guerrero Negro,MX,27.9769,-114.0611,75.92,66,3,11.86,clear sky
236,Pontes E Lacerda,BR,-15.2261,-59.3353,76.78,55,99,7.87,overcast clouds
237,Hasaki,JP,35.7333,140.8333,54.0,77,100,17.92,overcast clouds
238,Cherepovets,RU,59.1333,37.9,48.02,87,40,8.95,scattered clouds
239,Arman,RU,59.7,150.1667,23.02,73,84,5.06,broken clouds
240,Tiksi,RU,71.6872,128.8694,25.02,90,100,30.74,light snow
241,Uyemskiy,RU,64.4743,40.8524,48.25,81,100,8.95,overcast clouds
242,Omboue,GA,-1.5746,9.2618,76.84,83,100,6.58,overcast clouds
243,Ovsyanka,RU,55.9575,92.5519,29.37,90,100,4.03,overcast clouds
244,Bambous Virieux,MU,-20.3428,57.7575,72.21,78,40,9.22,scattered clouds
245,Kutum,SD,14.2,24.6667,84.2,22,75,13.69,broken clouds
246,Geraldton,AU,-28.7667,114.6,46.81,87,0,6.91,clear sky
247,Xuanzhou,CN,30.9525,118.7553,57.38,96,100,5.57,overcast clouds
248,Kerman,IR,30.2832,57.0788,64.26,5,0,9.22,clear sky
249,Katsuura,JP,35.1333,140.3,61.65,87,95,11.23,overcast clouds
250,Eirunepe,BR,-6.6603,-69.8736,93.34,44,90,3.53,overcast clouds
251,Acapulco,MX,16.8634,-99.8901,85.82,66,20,5.75,few clouds
252,Suluq,LY,31.6682,20.2521,71.17,50,6,16.67,clear sky
253,Waddan,LY,29.1614,16.139,75.54,32,0,8.79,clear sky
254,Sisimiut,GL,66.9395,-53.6735,31.89,83,100,10.33,overcast clouds
255,Sao Felix Do Xingu,BR,-6.6447,-51.995,102.97,20,33,4.61,scattered clouds
256,Grand Baie,MU,-20.0182,57.5802,72.45,67,13,8.99,few clouds
257,Lagos,NG,6.5833,3.75,82.72,94,99,4.54,light rain
258,Kresek,ID,-6.1314,106.3797,78.57,85,100,8.37,overcast clouds
259,Kahului,US,20.8947,-156.47,80.83,78,20,5.99,few clouds
260,Saint George,US,37.1041,-113.5841,77.79,33,0,3.44,clear sky
261,Lorengau,PG,-2.0226,147.2712,80.44,78,91,8.79,overcast clouds
262,Ayan,RU,56.45,138.1667,30.79,58,57,14.67,broken clouds
263,Wynyard,AU,-41.0,145.7167,47.98,78,19,10.65,few clouds
264,Beyneu,KZ,45.3167,55.2,57.56,46,11,8.68,few clouds
265,Manaure,CO,11.7751,-72.4445,76.21,87,100,14.5,overcast clouds
266,Meulaboh,ID,4.1363,96.1285,75.18,84,100,2.73,light rain
267,La Ronge,CA,55.1001,-105.2842,52.05,54,75,10.36,broken clouds
268,Yafran,LY,32.0633,12.5286,66.83,47,0,12.26,clear sky
269,Asau,RO,46.4333,26.4,56.32,93,96,1.68,overcast clouds
270,Nurota,UZ,40.5614,65.6886,59.41,20,41,3.0,scattered clouds
271,Nuuk,GL,64.1835,-51.7216,34.41,80,75,0.0,light shower snow
272,Airai,TL,-8.9266,125.4092,61.34,86,17,2.93,few clouds
273,Cayenne,GF,4.9333,-52.3333,91.44,49,0,12.66,clear sky
274,Maceio,BR,-9.6658,-35.7353,85.44,58,40,14.97,scattered clouds
275,Guiratinga,BR,-16.3494,-53.7583,80.78,46,97,8.01,overcast clouds
276,Porbandar,IN,21.6422,69.6093,82.58,76,95,11.63,overcast clouds
277,Boyolangu,ID,-8.1181,111.8935,74.64,95,100,3.22,moderate rain
278,Mehran,IR,33.1222,46.1646,91.08,10,0,8.05,clear sky
279,El Dorado,US,38.7666,-120.5177,83.68,23,8,5.53,clear sky
280,Taoudenni,ML,22.6783,-3.9836,103.12,12,18,6.89,few clouds
281,Sorong,ID,-0.8833,131.25,79.27,83,97,3.58,overcast clouds
282,Bayan,CN,46.0833,127.4,36.43,68,58,5.61,broken clouds
283,Talnakh,RU,69.4865,88.3972,31.21,93,100,12.64,overcast clouds
284,Ndende,GA,-2.4008,11.3581,73.71,91,89,3.06,overcast clouds
285,Grand Gaube,MU,-20.0064,57.6608,72.37,67,17,8.99,few clouds
286,Kargasok,RU,59.0556,80.8572,44.83,74,100,13.0,overcast clouds
287,Llangefni,GB,53.2556,-4.3106,56.98,67,20,18.41,few clouds
288,Naples,IT,40.8333,14.25,70.61,75,20,3.44,few clouds
289,Andenes,NO,69.3143,16.1194,45.93,87,75,16.11,light rain
290,Shingu,JP,33.7333,135.9833,62.35,87,100,6.11,overcast clouds
291,Camacha,PT,33.0833,-16.3333,69.22,78,40,16.11,scattered clouds
292,Karratha,AU,-20.7377,116.8463,75.11,56,8,3.24,clear sky
293,Bandar,ID,2.05,99.75,73.2,98,100,1.54,overcast clouds
294,Edd,ER,13.9297,41.6925,91.2,53,97,11.41,overcast clouds
295,Bikaner,IN,28.0167,73.3,82.96,58,4,11.39,clear sky
296,Ancud,CL,-41.8697,-73.8203,48.78,55,53,18.86,broken clouds
297,Melfi,IT,40.9965,15.6514,65.1,59,100,2.06,overcast clouds
298,Srednekolymsk,RU,67.45,153.6833,16.79,78,44,15.37,scattered clouds
299,Chapais,CA,49.7834,-74.8492,31.78,96,100,13.53,light snow
300,Bubaque,GW,11.2833,-15.8333,81.84,73,30,8.28,light rain
301,Port Macquarie,AU,-31.4333,152.9167,61.9,90,100,12.1,overcast clouds
302,Marsabit,KE,2.3284,37.9899,74.97,36,82,16.98,broken clouds
303,Paka,MY,4.6374,103.4368,75.13,88,100,0.0,overcast clouds
304,Olafsvik,IS,64.8945,-23.7142,42.28,75,90,5.17,overcast clouds
305,Samfya,ZM,-11.3649,29.5565,79.75,21,2,15.1,clear sky
306,Nhulunbuy,AU,-12.2333,136.7667,75.81,94,40,0.0,scattered clouds
307,Evans,US,33.5337,-82.1307,85.5,33,0,5.01,clear sky
308,Ambatofinandrahana,MG,-20.55,46.8,58.23,65,0,5.23,clear sky
309,Buin,CL,-33.7333,-70.75,80.92,34,37,10.51,scattered clouds
310,Flinders,AU,-34.5833,150.8552,63.37,90,79,4.0,broken clouds
311,Pascagoula,US,30.3658,-88.5561,87.42,41,0,4.61,clear sky
312,Nautla,MX,20.2167,-96.7833,80.71,73,17,10.69,few clouds
313,Mineral Wells,US,32.8085,-98.1128,86.77,31,0,0.0,clear sky
314,Narsaq,GL,60.9167,-46.05,35.82,78,17,1.57,few clouds
315,Praia Da Vitoria,PT,38.7333,-27.0667,71.85,94,75,7.81,light rain
316,Basoko,CD,1.2391,23.616,71.04,97,100,1.19,overcast clouds
317,Bandarbeyla,SO,9.4942,50.8122,78.03,83,48,17.09,scattered clouds
318,Kavieng,PG,-2.5744,150.7967,81.64,67,85,16.22,overcast clouds
319,Alekseyevka,RU,50.6309,38.6903,52.05,74,0,4.81,clear sky
320,Port-Cartier,CA,50.0334,-66.8654,45.75,89,100,14.34,overcast clouds
321,Lusambo,CD,-4.9667,23.45,74.35,78,100,2.68,light rain
322,Roald,NO,62.5833,6.1333,50.14,76,75,19.57,broken clouds
323,Davydovka,RU,51.1578,39.4292,51.26,76,0,5.37,clear sky
324,Pekin,CN,39.9075,116.3972,51.69,70,7,6.67,clear sky
325,Inta,RU,66.0317,60.1659,42.67,83,100,7.7,light rain
326,Bengkulu,ID,-3.8004,102.2655,74.62,81,100,4.74,overcast clouds
327,Kailua,US,21.4022,-157.7394,80.08,80,100,8.03,overcast clouds
328,Nanortalik,GL,60.1432,-45.2371,36.46,79,35,14.76,scattered clouds
329,Havoysund,NO,70.9963,24.6622,46.63,87,89,30.69,light rain
330,Saint Anthony,US,45.0205,-93.218,47.28,73,100,8.05,overcast clouds
331,Pierre,US,44.3683,-100.351,51.06,57,0,5.75,clear sky
332,High Prairie,CA,55.4334,-116.4858,61.99,48,16,5.21,few clouds
333,Belmonte,BR,-15.8631,-38.8828,80.73,71,12,12.46,few clouds
334,Boguchany,RU,58.3814,97.4531,31.66,93,100,3.94,overcast clouds
335,Bilibino,RU,68.0546,166.4372,14.11,96,100,6.87,light snow
336,Saldanha,ZA,-33.0117,17.9442,62.65,79,9,18.14,clear sky
337,Mahebourg,MU,-20.4081,57.7,71.89,78,40,9.22,scattered clouds
338,Vila Velha,BR,-20.3297,-40.2925,84.15,65,75,5.75,broken clouds
339,Ust-Maya,RU,60.4167,134.5333,21.94,88,100,6.31,overcast clouds
340,Khiri Mat,TH,16.8333,99.8,75.72,89,74,2.8,broken clouds
341,Kulhudhuffushi,MV,6.6221,73.07,81.79,72,25,17.27,scattered clouds
342,Padang,ID,-0.9492,100.3543,75.25,78,100,3.18,overcast clouds
343,Baiquan,CN,47.5833,126.0833,34.65,41,46,3.0,scattered clouds
344,Wanaka,NZ,-44.7,169.15,34.36,78,3,4.7,clear sky
345,Remeti,RO,47.9833,23.6333,58.68,86,30,2.01,scattered clouds
346,Hamilton,US,39.1834,-84.5333,64.24,55,40,10.36,scattered clouds
347,Karaj,IR,35.8355,51.0103,68.52,59,0,13.8,clear sky
348,Fort-Shevchenko,KZ,44.5086,50.263,58.75,60,0,8.05,clear sky
349,Miri,MY,4.4148,114.0089,77.14,100,40,3.44,scattered clouds
350,Carnarvon,AU,-24.8667,113.6333,66.06,42,0,14.94,clear sky
351,Tiznit,MA,29.5833,-9.5,84.51,28,47,3.15,scattered clouds
352,Igurusi,TZ,-8.85,33.85,70.05,38,18,5.95,few clouds
353,Urengoy,RU,65.9667,78.3667,37.85,98,100,11.05,light rain
354,Kamenka,RU,51.3223,42.7678,49.91,81,0,6.51,clear sky
355,Tadine,NC,-21.55,167.8833,73.17,83,95,18.84,overcast clouds
356,Naze,JP,28.3667,129.4833,72.52,72,82,11.34,broken clouds
357,Petropavlovsk-Kamchatskiy,RU,53.0452,158.6483,28.99,86,0,4.47,clear sky
358,Sete,FR,43.4018,3.6966,66.94,77,100,2.66,overcast clouds
359,Fare,PF,-16.7,-151.0167,78.35,74,25,22.19,scattered clouds
360,Port Blair,IN,11.6667,92.75,78.84,89,75,2.3,mist
361,Abha,SA,18.2164,42.5053,69.62,77,0,4.61,clear sky
362,Sibulan,PH,9.3584,123.285,80.22,82,100,3.18,overcast clouds
363,Pecos,US,31.4229,-103.4932,76.03,49,0,4.61,clear sky
364,Polovinnoye,RU,54.7914,65.9864,46.29,82,97,5.57,overcast clouds
365,Yamasaki,JP,35.0,134.55,61.34,92,100,3.56,overcast clouds
366,Jalu,LY,29.0331,21.5482,74.55,37,0,8.97,clear sky
367,Chillicothe,US,39.3331,-82.9824,61.99,64,100,7.0,overcast clouds
368,Krapivinskiy,RU,54.9992,86.8133,36.07,85,93,3.76,overcast clouds
369,Villazon,BO,-22.0866,-65.5942,64.26,2,0,6.89,clear sky
370,Cherskiy,RU,68.75,161.3,18.05,90,100,18.37,overcast clouds
371,Quelimane,MZ,-17.8786,36.8883,78.75,83,0,9.22,clear sky
372,Emporia,US,38.4039,-96.1817,59.9,35,40,16.11,scattered clouds
373,Guymon,US,36.6828,-101.4816,51.8,62,100,9.22,overcast clouds
374,Carutapera,BR,-1.195,-46.02,87.62,55,83,10.2,broken clouds
375,Vitim,RU,59.4511,112.5578,29.37,97,100,4.21,overcast clouds
376,Roebourne,AU,-20.7833,117.1333,75.07,50,12,1.3,few clouds
377,Yining,CN,29.0361,114.5636,54.52,97,100,1.32,overcast clouds
378,Gizo,SB,-8.103,156.8419,80.82,75,56,7.2,light rain
379,North Bend,US,43.4065,-124.2243,57.11,97,100,6.91,mist
380,Marovoay,MG,-16.1,46.6333,77.31,49,0,3.76,clear sky
381,Hay River,CA,60.8156,-115.7999,49.98,66,75,4.61,broken clouds
382,Tapes,BR,-30.6733,-51.3958,71.55,52,20,12.03,few clouds
383,Kunming,CN,25.0389,102.7183,60.73,94,75,6.71,broken clouds
384,Byron Bay,AU,-28.65,153.6167,63.95,84,50,11.99,scattered clouds
385,Aligarh,IN,27.8833,78.0833,72.63,90,98,6.8,overcast clouds
386,Sotik,KE,-0.6833,35.1187,61.3,74,99,5.08,overcast clouds
387,Ardino,BG,41.5833,25.1333,53.01,61,0,8.37,clear sky
388,Mossendjo,CG,-2.9506,12.7261,70.7,98,76,2.21,light rain
389,San Mariano,PH,7.5,126.0,72.12,94,98,2.66,overcast clouds
390,Sawtell,AU,-30.3833,153.1,66.22,72,100,11.5,overcast clouds
391,Dingle,PH,10.9995,122.6711,76.44,94,99,5.44,overcast clouds
392,Presidente Medici,BR,-11.1753,-61.9014,93.49,42,98,7.81,overcast clouds
393,Half Moon Bay,US,37.4636,-122.4286,78.87,86,100,4.61,mist
394,Taber,CA,49.8167,-112.1518,60.64,71,1,3.44,clear sky
395,Andra,RU,62.5147,65.8878,42.87,92,96,5.32,overcast clouds
396,Kununurra,AU,-15.7667,128.7333,78.78,73,33,4.61,scattered clouds
397,Simbahan,PH,6.3032,120.5836,82.62,79,90,7.2,overcast clouds
398,Grindavik,IS,63.8424,-22.4338,44.55,75,75,4.61,broken clouds
399,Bereda,ES,43.2686,-7.5406,64.42,89,79,7.0,broken clouds
400,Taltal,CL,-25.4,-70.4833,65.48,59,21,4.81,few clouds
401,San Quintin,MX,30.4833,-115.95,72.72,70,6,8.34,clear sky
402,Formosa Do Rio Preto,BR,-11.0483,-45.1931,101.61,15,5,4.14,clear sky
403,Cabedelo,BR,-6.9811,-34.8339,86.67,70,13,15.28,few clouds
404,Guanica,PR,17.9716,-66.908,90.99,77,1,15.9,clear sky
405,Miguel Auza,MX,24.2933,-103.4503,65.41,61,88,5.66,overcast clouds
406,Nouadhibou,MR,20.931,-17.0347,76.98,65,9,20.71,sand
407,Sajanan,TN,37.0573,9.2426,72.52,64,49,10.45,light rain
408,Kasongo-Lunda,CD,-6.4667,16.8167,75.72,73,78,0.67,light rain
409,Salamanca,ES,40.8333,-6.0,73.62,48,79,4.74,broken clouds
410,Zhigansk,RU,66.7697,123.3711,20.61,90,100,8.95,overcast clouds
411,Sangar,RU,63.9242,127.4739,21.54,70,90,10.09,overcast clouds
412,Berlevag,NO,70.8578,29.0864,46.4,66,20,20.71,few clouds
413,Salair,RU,54.2312,85.7972,36.19,83,97,3.49,overcast clouds
414,Hobyo,SO,5.3505,48.5268,77.83,81,64,18.92,broken clouds
415,Horni Benesov,CZ,49.9668,17.6026,58.75,82,7,8.03,clear sky
416,Pangnirtung,CA,66.1451,-65.7125,26.6,68,75,4.61,broken clouds
417,Boa Viagem,BR,-5.1275,-39.7322,96.69,22,11,7.87,few clouds
418,Faya,SA,18.3851,42.4509,69.91,31,27,9.17,scattered clouds
419,Almaznyy,RU,48.0448,40.045,55.58,68,45,8.12,scattered clouds
420,Xichang,CN,27.8964,102.2634,58.12,91,100,2.64,overcast clouds
421,Independence,US,39.0911,-94.4155,55.58,55,0,9.22,clear sky
422,Kirakira,SB,-10.4544,161.9205,77.92,85,82,6.69,broken clouds
423,Itarema,BR,-2.9248,-39.9167,87.4,56,39,16.35,scattered clouds
424,Ballina,AU,-28.8667,153.5667,65.01,91,66,8.97,broken clouds
425,Sayyan,YE,15.1718,44.3244,63.28,26,94,9.57,overcast clouds
426,Darovskoy,RU,58.77,47.9564,46.69,91,71,9.71,broken clouds
427,Ranau,MY,5.9538,116.6641,70.38,98,91,0.89,overcast clouds
428,Tarumovka,RU,44.0761,46.5361,55.71,71,0,7.85,clear sky
429,Uusikaupunki,FI,60.8004,21.4084,55.0,83,100,23.15,overcast clouds
430,Ekhabi,RU,53.5102,142.9671,32.07,82,75,8.5,broken clouds
431,Marystown,CA,47.1666,-55.1483,55.98,83,100,9.93,overcast clouds
432,Jiangyou,CN,31.7667,104.7167,56.35,94,100,0.85,overcast clouds
433,Nagod,IN,24.5667,80.6,76.23,88,72,5.21,light rain
434,Furtwangen,DE,48.05,8.2,56.35,90,83,2.89,broken clouds
435,Pitimbu,BR,-7.4706,-34.8086,86.59,71,13,13.58,few clouds
436,Wagga Wagga,AU,-35.1167,147.3667,55.85,97,62,5.46,broken clouds
437,Ekimchan,RU,53.0667,132.9667,23.04,96,66,1.95,broken clouds
438,Aklavik,CA,68.2191,-135.0107,44.35,69,100,11.39,overcast clouds
439,Along,IN,28.1667,94.7667,70.3,97,70,1.3,broken clouds
440,Andros Town,BS,24.7,-77.7667,84.16,70,15,20.09,few clouds
441,Seoul,KR,37.5683,126.9778,51.4,84,0,5.75,clear sky
442,Nome,US,64.5011,-165.4064,42.87,71,100,17.27,overcast clouds
443,Ambon,ID,-3.6954,128.1814,75.34,94,20,5.75,few clouds
444,Portland,US,45.5234,-122.6762,69.69,84,100,4.61,fog
445,Jizan,SA,17.3333,42.6667,90.54,60,87,4.52,overcast clouds
446,Carmen Del Parana,PY,-27.2333,-56.2167,75.33,42,0,5.3,clear sky
447,Nara,JP,34.6851,135.8049,62.49,66,87,4.68,overcast clouds
448,Chumikan,RU,54.7183,135.315,30.85,68,34,4.36,scattered clouds
449,Kyra,RU,49.5776,111.9753,24.37,87,67,5.48,broken clouds
450,Te Anau,NZ,-45.4167,167.7167,34.52,92,62,1.7,broken clouds
451,Araouane,ML,18.9048,-3.5265,101.08,12,9,5.84,clear sky
452,Quatre Cocos,MU,-20.2078,57.7625,71.71,71,31,17.2,scattered clouds
453,Balvi,LV,57.1313,27.2658,50.77,80,91,9.55,overcast clouds
454,Santa Cruz,BO,-17.8,-63.1667,84.25,39,75,9.22,light rain
455,Houma,US,29.5958,-90.7195,86.02,47,0,6.91,clear sky
456,Verkhoyansk,RU,67.5447,133.385,10.4,87,98,7.49,overcast clouds
457,Bucerias,MX,20.75,-105.3333,87.98,67,4,4.07,clear sky
458,Channel-Port Aux Basques,CA,47.5702,-59.1367,56.62,84,46,5.55,scattered clouds
459,Akranes,IS,64.3218,-22.0749,44.65,67,61,4.47,broken clouds
460,Mecca,SA,21.4267,39.8261,85.62,57,11,2.82,few clouds
461,Egvekinot,RU,66.3167,-179.1667,19.87,80,100,5.44,overcast clouds
462,Kijang,KR,35.2442,129.2139,60.53,67,100,13.47,overcast clouds
463,Hede,CN,33.7681,120.2517,56.08,62,100,0.69,overcast clouds
464,Hondo,JP,32.45,130.2,67.28,70,100,9.62,overcast clouds
465,Mayumba,GA,-3.432,10.6554,76.33,84,100,6.4,overcast clouds
466,Puerto Carreno,CO,6.189,-67.4859,91.38,58,40,3.44,scattered clouds
467,Sioux City,US,42.5,-96.4003,51.46,44,23,5.99,few clouds
468,Aizpute,LV,56.7167,21.6,54.63,77,27,11.48,scattered clouds
469,Oudtshoorn,ZA,-33.5907,22.2014,57.56,73,3,3.85,clear sky
470,Otjimbingwe,NA,-22.35,16.1333,82.67,16,13,5.79,few clouds
471,Atasu,KZ,48.6814,71.6433,56.97,39,91,8.88,overcast clouds
472,Narrabri,AU,-30.3167,149.7833,64.53,87,98,5.01,light rain
473,Ust-Ilimsk,RU,58.0006,102.6619,29.68,95,100,4.36,overcast clouds
474,Lujan,AR,-34.5703,-59.105,82.94,25,1,5.01,clear sky
475,Chabahar,IR,25.2919,60.643,81.64,71,0,7.14,clear sky
476,Seminole,US,28.7086,-81.2081,87.28,52,8,1.99,clear sky
477,Zarand,IR,30.8127,56.564,62.06,6,0,4.29,clear sky
478,Gopalpur,IN,19.2667,84.9167,79.97,83,95,4.07,overcast clouds
479,Oranjestad,AW,12.524,-70.027,88.92,74,40,16.11,scattered clouds
480,Tral,IN,33.9333,75.1,57.6,47,0,2.3,clear sky
481,Conceicao Da Barra,BR,-18.5933,-39.7322,83.05,65,65,15.39,broken clouds
482,Alofi,NU,-19.0595,-169.9187,71.49,94,94,4.61,overcast clouds
483,Sioux Lookout,CA,50.1001,-91.917,37.47,65,40,10.36,scattered clouds
484,Dunedin,NZ,-45.8742,170.5036,40.73,83,6,3.67,clear sky
485,Sao Filipe,CV,14.8961,-24.4956,80.17,82,43,7.54,scattered clouds
486,Road Town,VG,18.4167,-64.6167,86.04,79,40,11.5,scattered clouds
487,Nizhnevartovsk,RU,60.9344,76.5531,48.22,53,0,7.0,clear sky
488,Lazarev,RU,52.225,141.5131,38.8,60,35,10.31,scattered clouds
489,Iberia,US,29.9502,-91.7507,89.96,36,64,3.98,broken clouds
490,Coahuayana,MX,18.7333,-103.6833,87.55,63,86,3.87,overcast clouds
491,Ixtapa,MX,20.7,-105.2,87.22,67,3,3.0,clear sky
492,Adrar,MR,20.5022,-10.0711,98.31,12,7,3.78,clear sky
493,Mahina,PF,-17.5065,-149.489,78.57,69,20,0.0,few clouds
494,Mackay,AU,-21.15,149.2,70.68,79,61,8.43,broken clouds
495,Somerset West,ZA,-34.084,18.8211,61.21,75,49,7.94,scattered clouds
496,Sestri Levante,IT,44.2732,9.3968,70.05,83,13,4.0,few clouds
497,Mandalgovi,MN,45.7625,106.2708,26.64,92,100,27.85,light snow
498,Cap Malheureux,MU,-19.9842,57.6142,71.47,67,10,11.01,clear sky
499,Saint-Joseph,RE,-21.3667,55.6167,68.38,74,20,12.08,few clouds
500,Contamana,PE,-7.3333,-75.0167,91.67,52,99,2.95,light rain
501,Yerbogachen,RU,61.2767,108.0108,31.68,83,100,7.99,overcast clouds
502,Havelock,US,34.8791,-76.9013,84.15,55,0,8.05,clear sky
503,Henties Bay,NA,-22.116,14.2845,57.61,81,2,7.23,clear sky
504,Marzuq,YE,14.4,46.4667,77.14,35,16,4.9,few clouds
505,Hovelhof,DE,51.8167,8.65,56.75,73,73,5.91,broken clouds
506,Gamba,GA,-2.65,10.0,76.93,79,100,6.31,overcast clouds
507,Udalguri,IN,26.7667,92.1333,74.71,92,18,1.72,few clouds
508,Salekhard,RU,66.53,66.6019,39.11,98,100,4.85,overcast clouds
509,Umea,SE,63.8284,20.2597,51.91,100,75,9.22,broken clouds
510,Port Lincoln,AU,-34.7333,135.8667,51.31,71,100,9.62,overcast clouds
511,Tonj,SS,7.2737,28.6822,75.16,84,69,5.55,light rain
512,Azovo,RU,54.6997,73.0237,53.35,54,100,8.52,overcast clouds
513,Tahoua,NE,14.8888,5.2692,93.18,38,0,2.3,clear sky
514,Doha,QA,25.2867,51.5333,89.49,72,0,6.91,clear sky
515,Erzin,TR,36.9559,36.2,69.04,83,63,3.18,broken clouds
516,Kieta,PG,-6.2167,155.6333,79.5,81,69,3.36,broken clouds
517,Nizwa,OM,22.9333,57.5333,82.13,36,32,5.66,scattered clouds
518,Ponta Delgada,PT,37.7333,-25.6667,72.32,78,20,6.91,few clouds
519,Yei,SS,4.095,30.6779,68.32,93,100,2.33,moderate rain
520,Freeport,US,40.6576,-73.5832,78.98,49,2,8.01,clear sky
521,Floro,NO,61.5996,5.0328,50.23,81,40,26.46,scattered clouds
522,Smyrna,US,33.884,-84.5144,82.9,43,20,9.22,few clouds
523,Hulan,CN,45.9833,126.6,32.11,62,61,2.13,broken clouds
524,Kalianget,ID,-7.05,113.9333,81.52,80,100,6.17,overcast clouds
525,Bilgoraj,PL,50.5411,22.722,57.36,84,3,6.42,clear sky
526,Suntar,RU,62.1444,117.6319,27.01,89,98,5.53,overcast clouds
527,Vilhena,BR,-12.7406,-60.1458,77.22,73,75,12.66,broken clouds
528,Samarai,PG,-10.6167,150.6667,80.49,81,96,8.99,overcast clouds
529,Batticaloa,LK,7.7102,81.6924,79.95,77,100,5.5,overcast clouds
530,Ndjole,GA,-0.1783,10.7649,72.61,97,75,1.86,light rain
531,Khromtau,KZ,50.2503,58.4347,46.02,64,66,8.97,broken clouds
532,Champerico,GT,14.3,-91.9167,91.94,71,75,4.9,broken clouds
533,Muravlenko,RU,63.7898,74.523,41.16,88,100,10.83,overcast clouds
534,Zaragoza,ES,41.6561,-0.8773,75.65,43,20,5.75,few clouds
535,Kaohsiung,TW,22.6163,120.3133,80.55,84,75,2.3,broken clouds
536,Kiunga,PG,-6.1219,141.2906,73.31,100,100,1.54,overcast clouds
537,Boa Vista,BR,2.8197,-60.6733,93.18,46,40,11.5,scattered clouds
538,Clyde River,CA,70.4692,-68.5914,19.63,73,20,12.66,few clouds
539,Eureka,US,40.8021,-124.1637,64.67,71,63,6.2,broken clouds
540,Chagoda,RU,59.164,35.3285,51.12,79,58,9.24,broken clouds
541,Russell,US,32.3502,-85.1999,86.0,25,4,4.83,clear sky
542,Dryden,CA,49.7833,-92.7503,39.49,56,20,14.97,few clouds
543,Cairns,AU,-16.9167,145.7667,76.95,89,40,8.05,scattered clouds
544,Stadtbredimus,LU,49.5628,6.3644,58.8,82,0,3.44,clear sky
545,Alta Floresta,BR,-9.8756,-56.0861,80.42,74,100,11.5,overcast clouds
546,Beni Mazar,EG,28.4962,30.8029,76.57,32,0,8.32,clear sky
547,Barcelos,PT,41.5388,-8.6151,73.92,69,53,3.44,broken clouds
548,Mehamn,NO,71.0357,27.8492,46.35,71,40,26.46,scattered clouds
549,Mersing,MY,2.4312,103.8405,76.91,88,40,5.75,scattered clouds
550,Krasnokamensk,RU,50.0979,118.0369,26.31,66,26,2.75,scattered clouds
551,Teahupoo,PF,-17.8333,-149.2667,73.36,80,23,19.57,light rain
552,Lincoln,US,40.8,-96.667,56.28,49,0,12.66,clear sky
553,Gotsu,JP,35.0,132.2167,60.96,81,100,11.74,overcast clouds
554,Varadero,CU,23.1536,-81.2514,82.27,70,12,16.02,few clouds
555,Batemans Bay,AU,-35.7167,150.1833,59.09,94,52,3.71,light rain
556,Temba,ZA,-25.3803,28.2631,71.62,25,4,24.09,clear sky
557,Harper,LR,4.375,-7.7169,77.7,86,75,8.32,light rain
558,Phalodi,IN,27.1333,72.3667,85.03,49,20,12.97,few clouds
559,Qianguo,CN,45.1171,124.8568,39.52,53,55,0.65,broken clouds
560,Olinda,BR,-8.0089,-34.8553,83.93,65,75,9.22,broken clouds
561,Natal,BR,-5.795,-35.2094,86.65,65,75,18.41,broken clouds
562,Teyateyaneng,LS,-29.1472,27.7489,65.68,16,34,3.96,scattered clouds
563,Coruripe,BR,-10.1256,-36.1756,82.0,69,9,10.8,clear sky
564,Hirado,JP,33.3597,129.5531,65.39,67,100,26.28,overcast clouds
565,Sovetskaya Gavan,RU,48.9723,140.2878,34.93,62,8,5.88,clear sky
566,Rumoi,JP,43.9344,141.6428,45.05,82,99,5.57,overcast clouds
567,Lisakovsk,KZ,52.5369,62.4936,47.59,70,68,8.7,broken clouds
568,Egersund,NO,58.4513,5.9997,51.39,78,100,9.31,overcast clouds
569,Panaba,MX,21.2833,-88.2667,90.9,42,100,11.52,overcast clouds
570,Oranjemund,NA,-28.55,16.4333,59.41,80,0,19.53,clear sky
571,Baruun-Urt,MN,46.6806,113.2792,35.02,43,100,20.33,overcast clouds
572,Ferme-Neuve,CA,46.7001,-75.4493,39.87,88,100,9.89,overcast clouds
573,Ballinasloe,IE,53.3275,-8.2194,49.48,79,2,11.27,clear sky
574,Tommot,RU,58.9564,126.2925,19.26,88,100,5.48,overcast clouds
575,Alegrete,BR,-29.7831,-55.7919,72.3,43,0,12.35,clear sky
576,Jasper,US,37.2001,-94.3502,69.06,44,34,4.0,scattered clouds
577,Calabozo,VE,8.9242,-67.4293,85.39,68,98,5.79,overcast clouds
578,Sao Borja,BR,-28.6606,-56.0044,77.95,41,0,10.0,clear sky
579,Oksfjord,NO,70.2396,22.3479,48.38,86,91,10.63,overcast clouds
580,Akom,CM,2.6678,12.7109,68.05,98,98,4.36,light rain
581,Veraval,IN,20.9,70.3667,82.71,71,100,6.98,overcast clouds
582,Townsville,AU,-19.25,146.8,74.28,83,40,12.66,scattered clouds
583,Westport,US,41.1415,-73.3579,78.57,54,7,1.99,clear sky
584,Opuwo,NA,-18.0607,13.84,84.22,14,20,1.39,few clouds
585,Pa Sang,TH,18.5262,98.9394,79.0,95,63,0.22,broken clouds
586,Maragogi,BR,-9.0122,-35.2225,80.67,72,17,11.74,few clouds
587,Bairiki,KI,1.3292,172.9752,80.6,78,20,9.22,few clouds
588,Millville,US,39.4021,-75.0393,78.21,49,0,9.66,clear sky
589,Praya,CV,14.9215,-23.5087,86.54,70,20,12.66,haze
590,Nampa,US,43.5407,-116.5635,73.8,39,21,3.44,few clouds
591,Isla Vista,US,34.4133,-119.861,90.34,71,75,5.75,mist
592,Biak,ID,-0.9131,122.8766,76.1,85,96,2.93,overcast clouds
593,Walvis Bay,NA,-22.9575,14.5053,61.75,72,0,8.05,clear sky
594,Panama City,PA,8.9936,-79.5197,85.17,80,75,9.22,drizzle
595,Dilla,ET,6.41,38.31,62.85,96,95,5.7,heavy intensity rain
596,Kindu,CD,-2.95,25.95,70.72,97,88,4.36,overcast clouds
597,Shenjiamen,CN,29.9576,122.298,66.34,67,100,12.97,overcast clouds
598,Bahir Dar,ET,11.5936,37.3908,61.84,86,60,4.36,light rain
599,Orotukan,RU,62.2667,151.7,7.16,92,97,7.65,overcast clouds
600,Raudeberg,NO,61.9875,5.1352,48.87,1,85,29.93,overcast clouds
601,Toropets,RU,56.4978,31.6353,50.14,82,100,8.23,overcast clouds
602,Matamba,TZ,-8.9833,33.9667,59.68,42,22,8.81,few clouds
603,Oistins,BB,13.0667,-59.5333,87.89,74,40,16.11,scattered clouds
604,Bonavista,CA,48.6499,-53.1147,52.61,89,94,13.85,overcast clouds
605,Zeya,RU,53.75,127.2667,24.89,74,33,4.43,scattered clouds
606,Lyskovo,RU,56.0328,45.0422,51.89,69,91,14.7,overcast clouds
607,Baie-Comeau,CA,49.2168,-68.1489,46.08,93,100,20.71,mist
608,Nabire,ID,-3.3667,135.4833,75.33,92,100,3.11,overcast clouds
609,Chengde,CN,40.9725,117.9361,45.05,80,66,2.59,broken clouds
610,Camocim,BR,-2.9022,-40.8411,88.56,54,32,17.67,scattered clouds
611,Waingapu,ID,-9.6567,120.2641,79.93,82,36,8.05,scattered clouds
612,Fort Morgan,US,40.2503,-103.8,44.02,75,100,9.22,overcast clouds
613,Nombre De Dios,MX,23.85,-104.2333,67.64,56,92,3.53,overcast clouds
614,Paamiut,GL,61.994,-49.6678,32.18,87,99,5.59,overcast clouds
615,Clarence Town,AU,-32.5833,151.7833,62.94,98,85,2.53,overcast clouds
616,Kruisfontein,ZA,-34.0033,24.7314,58.89,90,6,6.69,clear sky
617,Mukhen,RU,48.1,136.1,32.4,69,4,5.17,clear sky
618,Sola,VU,-13.8833,167.55,80.4,75,41,10.47,scattered clouds
619,Khash,IR,28.2211,61.2158,60.89,5,0,6.6,clear sky
620,Roma,US,43.2128,-75.4557,55.81,79,88,8.01,overcast clouds
621,La Serena,CL,-29.9078,-71.2542,62.11,72,0,16.11,clear sky
622,Howard Springs,AU,-12.497,131.047,78.82,95,51,1.12,broken clouds
623,San Francisco,US,37.7749,-122.4194,77.68,77,50,3.0,scattered clouds
624,Kathmandu,NP,27.7167,85.3167,66.42,100,75,2.3,broken clouds
625,Kloulklubed,PW,7.0419,134.2556,83.53,69,100,1.05,overcast clouds
626,Tambopata,PE,-12.7333,-69.1833,87.69,45,75,13.8,broken clouds
627,Miguel Hidalgo,MX,19.4225,-99.2028,66.58,61,95,1.99,overcast clouds
628,Mount Isa,AU,-20.7333,139.5,71.37,94,45,0.0,light rain
629,Turan,VN,16.0678,108.2208,78.78,89,40,1.14,thunderstorm
630,Yarada,IN,17.65,83.2667,79.12,100,75,2.3,mist
631,Kosh-Agach,RU,50.0,88.6667,27.59,51,9,3.36,clear sky
632,Kamloops,CA,50.6665,-120.3192,56.39,67,75,2.3,broken clouds
633,Oyama,JP,36.3,139.8,58.59,90,99,3.04,overcast clouds
634,Yoichi,JP,43.2039,140.7703,50.72,70,98,4.97,light rain
635,Sao Joao Da Barra,BR,-21.6403,-41.0511,86.09,74,94,9.86,overcast clouds
636,Davila,PH,18.4726,120.5763,81.1,79,16,14.76,few clouds
637,Luderitz,NA,-26.6481,15.1594,65.64,58,0,18.54,clear sky
638,Vietri Sul Mare,IT,40.6687,14.7253,70.66,86,100,0.98,overcast clouds
639,Zwedru,LR,6.0667,-8.1281,74.28,96,61,4.23,moderate rain
640,Astoria,US,46.1879,-123.8313,58.55,95,100,1.21,overcast clouds
641,Viedma,AR,-40.8135,-62.9967,72.41,31,94,23.98,overcast clouds
642,Minab,IR,27.1467,57.0801,82.72,61,0,2.3,haze
643,Lodja,CD,-3.4833,23.4333,72.05,91,98,4.27,moderate rain
644,Tete,MZ,-16.1564,33.5867,90.1,19,1,6.73,clear sky
645,Walla Walla,US,46.0646,-118.343,72.86,51,76,4.0,broken clouds
646,Ciudad Bolivar,VE,8.1222,-63.5497,90.99,49,95,6.69,overcast clouds
647,Gornopravdinsk,RU,60.05,69.9,45.09,94,98,7.45,overcast clouds
648,Makubetsu,JP,45.3714,141.8211,43.86,75,100,2.86,overcast clouds
649,Buckeye,US,33.3703,-112.5838,91.15,32,0,19.57,clear sky
650,Yarensk,RU,62.1675,49.0916,44.28,93,93,7.38,overcast clouds
651,Moree,AU,-29.4667,149.85,61.16,91,99,14.34,light rain
652,Maridi,SS,4.9158,29.4742,68.09,95,97,4.85,moderate rain
653,Mokhsogollokh,RU,61.4681,128.9203,22.21,69,94,7.85,overcast clouds
654,Iquitos,PE,-3.7481,-73.2472,77.04,78,75,5.75,broken clouds
655,Mujiayingzi,CN,42.1167,118.7833,47.73,51,99,6.08,overcast clouds
656,Kadoma,JP,34.7333,135.5833,67.98,76,75,3.44,broken clouds
657,Comarapa,BO,-17.9,-64.4833,69.22,47,54,9.84,broken clouds
658,Barinas,VE,8.6226,-70.2075,86.59,58,100,1.28,overcast clouds
659,Nelas,PT,40.5322,-7.8515,75.94,44,16,3.56,few clouds
660,Lewiston,US,44.1003,-70.2148,71.33,70,94,6.44,overcast clouds
661,Werda,BW,-25.2667,23.2833,83.32,12,0,5.99,clear sky
662,Youkounkoun,GN,12.5333,-13.1333,86.18,73,22,3.13,few clouds
663,Kyrksaeterora,NO,63.2906,9.0891,44.69,86,32,3.62,scattered clouds
664,Paita,PE,-5.0892,-81.1144,70.97,70,66,15.48,broken clouds
665,Mitu,CO,1.1983,-70.1733,94.03,40,93,2.84,overcast clouds
666,Lompoc,US,34.6391,-120.4579,57.92,94,75,6.91,mist
667,Dunda,TZ,-8.1167,34.25,72.12,35,6,8.03,clear sky
668,Lumberton,US,34.6182,-79.0086,83.91,41,0,6.33,clear sky
669,Dabwali,IN,29.95,74.7333,73.56,85,0,8.3,clear sky
670,Penzance,GB,50.1186,-5.5371,59.77,80,41,19.69,scattered clouds
671,Kenai,US,60.5544,-151.2583,47.14,95,100,11.9,overcast clouds
672,Auray,FR,47.6703,-2.9918,60.75,88,89,10.4,overcast clouds
673,Leirvik,NO,59.7798,5.5005,53.64,93,40,12.66,scattered clouds
674,Mayya,RU,61.7333,130.2811,24.12,70,81,8.19,broken clouds
675,Pacific Grove,US,36.6177,-121.9166,69.82,92,40,8.01,scattered clouds
676,Nishihara,JP,26.1842,127.7558,78.08,78,87,16.11,overcast clouds
677,Gimli,CA,50.6336,-96.9907,44.62,57,34,11.5,scattered clouds
678,San Sebastian,ES,43.3128,-1.975,67.84,81,40,3.44,scattered clouds
679,Eha Amufu,NG,6.6592,7.7596,73.02,94,100,4.76,overcast clouds
680,Innisfail,AU,-17.5333,146.0333,74.19,88,43,4.72,scattered clouds
681,Huilong,CN,31.8111,121.655,60.93,61,100,7.65,overcast clouds
682,Ilebo,CD,-4.3167,20.5833,77.36,76,99,1.05,overcast clouds
683,Surt,LY,31.2089,16.5887,74.86,64,2,11.27,clear sky
684,Matagami,CA,49.7502,-77.6328,37.51,56,75,19.57,broken clouds
685,Pemangkat,ID,1.1667,108.9667,78.39,83,100,4.83,moderate rain
686,Maneadero,MX,31.7167,-116.5667,69.1,86,4,1.99,clear sky
687,Kazerun,IR,29.6195,51.6541,78.78,12,0,5.79,clear sky
688,The Pas,CA,53.8251,-101.2541,48.63,42,97,13.73,overcast clouds
689,Tari,NG,12.4086,4.4914,86.94,51,17,6.49,few clouds
690,Jackson,US,42.4165,-122.8345,75.36,50,92,1.41,overcast clouds
